,GradientBoostingClassifier,RandomForestClassifier,LogisticRegression,GaussianNB
No,"{'precision': 0.9986421725239617, 'recall': 0.9873257788131243, 'f1-score': 0.9929517342704548, 'support': 25327}","{'precision': 0.9994408945686901, 'recall': 0.9873357793821754, 'f1-score': 0.9933514597019072, 'support': 25347}","{'precision': 1.0, 'recall': 0.9873427703954891, 'f1-score': 0.9936310787484375, 'support': 25361}","{'precision': 1.0, 'recall': 0.9873427703954891, 'f1-score': 0.9936310787484375, 'support': 25361}"
Yes,"{'precision': 0.0, 'recall': 0.0, 'f1-score': 0.0, 'support': 34}","{'precision': 0.0, 'recall': 0.0, 'f1-score': 0.0, 'support': 14}","{'precision': 0.0, 'recall': 0.0, 'f1-score': 0.0, 'support': 0}","{'precision': 0.0, 'recall': 0.0, 'f1-score': 0.0, 'support': 0}"
accuracy,0.9860021292535783,0.9867907416899965,0.9873427703954891,0.9873427703954891
macro avg,"{'precision': 0.49932108626198085, 'recall': 0.49366288940656217, 'f1-score': 0.4964758671352274, 'support': 25361}","{'precision': 0.49972044728434506, 'recall': 0.4936678896910877, 'f1-score': 0.4966757298509536, 'support': 25361}","{'precision': 0.5, 'recall': 0.49367138519774456, 'f1-score': 0.49681553937421874, 'support': 25361}","{'precision': 0.5, 'recall': 0.49367138519774456, 'f1-score': 0.49681553937421874, 'support': 25361}"
weighted avg,"{'precision': 0.9973033517414289, 'recall': 0.9860021292535783, 'f1-score': 0.9916205423235601, 'support': 25361}","{'precision': 0.9988891745054449, 'recall': 0.9867907416899965, 'f1-score': 0.9928031011815087, 'support': 25361}","{'precision': 1.0, 'recall': 0.9873427703954891, 'f1-score': 0.9936310787484375, 'support': 25361}","{'precision': 1.0, 'recall': 0.9873427703954891, 'f1-score': 0.9936310787484375, 'support': 25361}"
